tembS,tembK,tembP,tembR,temtS,temtK,temtP,temtR,temsS,temsK,temsP,temsR,temstS,temstK,temstP,temstR,spabS,spabK,spabP,spabR,spatS,spatK,spatP,spatR,spasS,spasK,spasP,spasR,spastS,spastK,spastP,spastR,alibS,alibK,alibP,alibR,alitS,alitK,alitP,alitR,alisS,alisK,alisP,alisR,alistS,alistK,alistP,alistR
0.811475879680774,0.634381838121626,0.819990516877568,0.557853725749658,0.807548506411571,0.627803406130734,0.822943827627425,0.553707310018292,0.808320367832286,0.626450030799275,0.821305359316309,0.556013356961152,0.811777110772534,0.632822886790451,0.825360654160425,0.550279670984059,0.746488150380577,0.573183117529943,0.736031320284127,0.579354166076811,0.736340575298292,0.562994041166536,0.728084103607235,0.586663261550007,0.746154505007705,0.573148519647555,0.736312052521289,0.579092827612846,0.74723727960531,0.573165818588749,0.737019718662734,0.578433082051505,0.366343920333973,0.366343920333973,0.261145504396484,0.955485281549389,0.353052721923327,0.353052721923327,0.250271209650933,0.961561774944543,0.371782219011311,0.371782219011311,0.265796146174455,0.953668628548394,0.365074401061128,0.365074401061128,0.260136725481409,0.957109565343055
only alignment test,,,,,,,,,,,,,,,,,,,,,,,,,,,,,,,,,,,,,,,,,,,,,,,
-0.24453736374326165,-0.1686494107664856,0.29331798308822254,0.9317571973719999,0.021703566698245084,0.013713632314345239,0.044584659205014546,0.9736570324171487,-0.2719136546491668,-0.18790502940649062,0.31200741473593446,0.9259725269977984,-0.10187651341171777,-0.06997293090311447,0.10949497815166631,0.9687661040237879,0.19339284656233918,0.13643674919896964,0.19840409781963492,0.8388195483561008,0.3059743068634286,0.21959275951968057,0.31650809812082037,0.8118346996469659,0.19792393402036115,0.1395505586139328,0.2078030891229217,0.837150992384085,0.2806058645480238,0.20142887126572873,0.30031905356159533,0.8163269658887582,0.440576835598406,0.440576835598406,0.31673093241186756,0.9167202979358133,0.39356238588000797,0.39356238588000797,0.2805003812077461,0.9446424112951708,0.4399064835795531,0.4399064835795531,0.31652575703931,0.9169379815274364,0.4228903321984933,0.4228903321984933,0.30276437545158824,0.9285526310047604
